id	title	link	snippet
1	The epidemiological characteristics of an outbreak of 2019 novel coronavirus diseases (COVID-19) in China	https://www.ncbi.nlm.nih.gov/pubmed/32064853	Objective: An outbreak of 2019 novel coronavirus diseases (COVID-19) in Wuhan, China has spread quickly nationwide. Here, we report results of a descriptive, exploratory analysis of all cases diagnosed as of February 11, 2020. Methods: All COVID-19 cases reported …
2	Identification of a new human coronavirus	https://www.nature.com/articles/nm1024	Three human coronaviruses are known to exist: human coronavirus 229E (HCoV-229E), HCoV-OC43 and severe acute respiratory syndrome (SARS)-associated coronavirus (SARS-CoV). Here we report the identification of a fourth human coronavirus, HCoV-NL63, using a …
3	[HTML][HTML] Family cluster of Middle East respiratory syndrome coronavirus infections, Tunisia, 2013	https://www.ncbi.nlm.nih.gov/pmc/articles/PMC4178422/	In 2013 in Tunisia, 3 persons in 1 family were infected with Middle East respiratory syndrome coronavirus (MERS-CoV). The index case-patient's respiratory tract samples were negative for MERS-CoV by reverse transcription PCR, but diagnosis was retrospectively …
4	SARS-associated coronavirus	https://www.nejm.org/doi/pdf/10.1056/nejmp030078	The discovery that a novel coronavirus is the probable cause of the newly recognized severe acute respiratory syndrome (SARS), reported by Ksiazek et al.(pages 1953–1966), Drosten et al.(pages 1967–1976), and Peiris et al. 1 provides a dramatic example of an …
5	The genome sequence of the SARS-associated coronavirus	https://science.sciencemag.org/content/300/5624/1399.abstract	We sequenced the 29,751-base genome of the severe acute respiratory syndrome (SARS)–associated coronavirus known as the Tor2 isolate. The genome sequence reveals that this coronavirus is only moderately related to other known coronaviruses, including two human …
6	Coronavirus avian infectious bronchitis virus	https://www.vetres.org/articles/vetres/abs/2007/02/v06178/v06178.html	Infectious bronchitis virus (IBV), the coronavirus of the chicken (Gallus gallus), is one of the foremost causes of economic loss within the poultry industry, affecting the performance of both meat-type and egg-laying birds. The virus replicates not only in the epithelium of upper …
7	Coronavirus genome structure and replication	https://link.springer.com/chapter/10.1007/3-540-26765-4_1	In addition to the SARS coronavirus (treated separately elsewhere in this volume), the complete genome sequences of six species in the coronavirus genus of the coronavirus family [avian infectious bronchitis virus-Beaudette strain (IBV-Beaudette), bovine …
8	Characterization and complete genome sequence of a novel coronavirus, coronavirus HKU1, from patients with pneumonia	https://jvi.asm.org/content/79/2/884.short	Despite extensive laboratory investigations in patients with respiratory tract infections, no microbiological cause can be identified in a significant proportion of patients. In the past 3 years, several novel respiratory viruses, including human metapneumovirus, severe acute …
9	The coronavirus replicase	https://link.springer.com/chapter/10.1007/3-540-26765-4_3	Coronavirus genome replication and transcription take place at cytoplasmic membranes and involve coordinated processes of both continuous and discontinuous RNA synthesis that are mediated by the viral replicase, a huge protein complex encoded by the 20-kb replicase …
10	[HTML][HTML] Commentary: Middle East respiratory syndrome coronavirus (MERS-CoV): announcement of the Coronavirus Study Group	https://jvi.asm.org/content/87/14/7790.short	During the summer of 2012, in Jeddah, Saudi Arabia, a hitherto unknown coronavirus (CoV) was isolated from the sputum of a patient with acute pneumonia and renal failure (1, 2). The isolate was provisionally called human coronavirus Erasmus Medical Center (EMC)(3) …
11	Coronavirus pathogenesis and the emerging pathogen severe acute respiratory syndrome coronavirus	https://mmbr.asm.org/content/69/4/635.short	Coronaviruses are a family of enveloped, single-stranded, positive-strand RNA viruses classified within the Nidovirales order. This coronavirus family consists of pathogens of many animal species and of humans, including the recently isolated severe acute …
12	[HTML][HTML] A novel coronavirus associated with severe acute respiratory syndrome	https://www.nejm.org/doi/full/10.1056/NEJMoa030781	Background A worldwide outbreak of severe acute respiratory syndrome (SARS) has been associated with exposures originating from a single ill health care worker from Guangdong Province, China. We conducted studies to identify the etiologic agent of this outbreak …
13	Coronavirus as a possible cause of severe acute respiratory syndrome	https://www.sciencedirect.com/science/article/pii/S0140673603130772	Background An outbreak of severe acute respiratory syndrome (SARS) has been reported in Hong Kong. We investigated the viral cause and clinical presentation among 50 patients. Methods We analysed case notes and microbiological findings for 50 patients with SARS …
14	Bovine coronavirus	https://www.sciencedirect.com/science/article/pii/S0007193505802106	This review aims to summarize current data describing the characteristics of bovine coronavirus (BCV) and the three clinical syndromes with which this virus is associated. The first half of this paper consists of a general description of the virus, commencing with a brief …
15	A new coronavirus-like particle associated with diarrhea in swine	https://link.springer.com/article/10.1007/BF01317606	Coronavirus-like particles were detected by electron microscopy in the intestinal contents of pigs during a diarrheal outbreak on 4 swine breeding farms. Diarrhea was reproduced in experimental pigs with one of the isolates, designated CV777, which was found to be distinct …
16	Unique and conserved features of genome and proteome of SARS-coronavirus, an early split-off from the coronavirus group 2 lineage	https://www.sciencedirect.com/science/article/pii/S0022283603008659	The genome organization and expression strategy of the newly identified severe acute respiratory syndrome coronavirus (SARS-CoV) were predicted using recently published genome sequences. Fourteen putative open reading frames were identified, 12 of which …
17	Mechanisms and enzymes involved in SARS coronavirus genome expression	https://www.microbiologyresearch.org/content/journal/jgv/10.1099/vir.0.19424-0	A novel coronavirus is the causative agent of the current epidemic of severe acute respiratory syndrome (SARS). Coronaviruses are exceptionally large RNA viruses and employ complex regulatory mechanisms to express their genomes. Here, we determined the …
18	[PDF][PDF] Coronavirus: organization, replication and expression of genome	https://www.annualreviews.org/doi/pdf/10.1146/annurev.mi.44.100190.001511	304 LAI sun. They infect various animal species, causing respiratory, gastrointestinal, cardiovascular, and neurological diseases. In humans, coronaviruses have been associated with common colds, diarrhea, and possibly multiple sclero sis. The prototypical …
19	Angiotensin-converting enzyme 2 is a functional receptor for the SARS coronavirus	https://www.nature.com/articles/nature02145	Spike (S) proteins of coronaviruses, including the coronavirus that causes severe acute respiratory syndrome (SARS), associate with cellular receptors to mediate infection of their target cells 1, 2. Here we identify a metallopeptidase, angiotensin-converting enzyme 2 …
20	[HTML][HTML] Hospital outbreak of Middle East respiratory syndrome coronavirus	https://www.nejm.org/doi/pdf/10.1056/NEJMoa1306742	Background In September 2012, the World Health Organization reported the first cases of pneumonia caused by the novel Middle East respiratory syndrome coronavirus (MERS-CoV). We describe a cluster of health care–acquired MERS-CoV infections. Methods …
21	Characterization of a novel coronavirus associated with severe acute respiratory syndrome	https://science.sciencemag.org/content/300/5624/1394.short	In March 2003, a novel coronavirus (SARS-CoV) was discovered in association with cases of severe acute respiratorysyndrome (SARS). The sequence of the complete genome of SARS-CoV was determined, and the initial characterization of the viral genome is presented …
22	Coronavirus HKU1 and other coronavirus infections in Hong Kong	https://jcm.asm.org/content/44/6/2063.short	We have recently described the discovery of a novel coronavirus, coronavirus HKU1 (CoV-HKU1), associated with community-acquired pneumonia. However, the clinical spectrum of disease and the epidemiology of CoV-HKU1 infections in relation to infections with other …
23	[HTML][HTML] Identification of a novel coronavirus in patients with severe acute respiratory syndrome	https://www.nejm.org/doi/full/10.1056/NEJMoa030747	Background Abstract The severe acute respiratory syndrome (SARS) has recently been identified as a new clinical entity. SARS is thought to be caused by an unknown infectious agent. Methods Clinical specimens from patients with SARS were searched for unknown …
24	[HTML][HTML] A novel coronavirus from patients with pneumonia in China, 2019	https://www.nejm.org/doi/full/10.1056/NEJMoa2001017	In December 2019, a cluster of patients with pneumonia of unknown cause was linked to a seafood wholesale market in Wuhan, China. A previously unknown betacoronavirus was discovered through the use of unbiased sequencing in samples from patients with …
25	A contemporary view of coronavirus transcription	https://jvi.asm.org/content/81/1/20.short	Coronaviruses are a family of enveloped, plus-stranded RNA viruses with helical nucleocapsids and extraordinarily large genomes. The hallmark of coronavirus transcription is the production of multiple subgenomic mRNAs that contain sequences corresponding to …
26	Clinical features of patients infected with 2019 novel coronavirus in Wuhan, China	https://www.sciencedirect.com/science/article/pii/S0140673620301835	Background A recent cluster of pneumonia cases in Wuhan, China, was caused by a novel betacoronavirus, the 2019 novel coronavirus (2019-nCoV). We report the epidemiological, clinical, laboratory, and radiological characteristics and treatment and clinical outcomes of …
27	The coronavirus surface glycoprotein	https://link.springer.com/chapter/10.1007/978-1-4899-1531-3_5	Coronaviruses are frequently claimed to have a characteristic morphology, including the possession of a “club-shaped” surface projection or spike (S) glycoprotein. However, in common with other aspects of the coronaviruses, the group exhibits variation with respect to …
28	Coronavirus main proteinase (3CLpro) structure: basis for design of anti-SARS drugs	https://science.sciencemag.org/content/300/5626/1763.short	A novel coronavirus has been identified as the causative agent of severe acute respiratory syndrome (SARS). The viral main proteinase (M pro, also called 3CL pro), which controls the activities of the coronavirus replication complex, is an attractive target for therapy. We …
29	A previously undescribed coronavirus associated with respiratory disease in humans	https://www.pnas.org/content/101/16/6212.short	The etiology of acute respiratory tract illnesses is sometimes unclear due to limitations of diagnostic tests or the existence of as-yet-unidentified pathogens. Here we describe the identification and characterization of a not previously recognized coronavirus obtained from …
30	[PDF][PDF] Coronavirus spike proteins in viral entry and pathogenesis	https://core.ac.uk/download/pdf/82753182.pdf	Coronaviruses comprise a large and diverse family of enveloped, positive-stranded RNA viruses. The Coronaviridae exhibit broad host range, infecting many mammalian and avian species and causing upper respiratory, gastrointestinal, hepatic, and central nervous system …
31	Human aminopeptidase N is a receptor for human coronavirus 229E	https://www.nature.com/articles/357420a0	HUMAN coronaviruses (HCV) in two serogroups represented by HCV-229E and HCV-OC43 are an important cause of upper respiratory tract infections 1. Here we report that human aminopeptidase N, a cell-surface metalloprotease on intestinal, lung and kidney epithelial …
32	[HTML][HTML] Middle East respiratory syndrome coronavirus in bats, Saudi Arabia	https://www.ncbi.nlm.nih.gov/pmc/articles/PMC3837665/	The source of human infection with Middle East respiratory syndrome coronavirus remains unknown. Molecular investigation indicated that bats in Saudi Arabia are infected with several alphacoronaviruses and betacoronaviruses. Virus from 1 bat showed 100 …
33	Coronavirus immunogens	https://www.sciencedirect.com/science/article/pii/037811359390030B	Coronaviruses (CV) infect a variety of livestock, poultry and companion animals. They belong to at least five antigenic groups. CV cause localized infections of the respiratory and/or intestinal tracts, with the exception of feline infectious peritonitis virus (FIVP) and …
34	Isolation of a novel coronavirus from a man with pneumonia in Saudi Arabia	https://www.nejm.org/doi/pdf/10.1056/nejmoa1211721	A previously unknown coronavirus was isolated from the sputum of a 60-year-old man who presented with acute pneumonia and subsequent renal failure with a fatal outcome in Saudi Arabia. The virus (called HCoV-EMC) replicated readily in cell culture, producing cytopathic …
35	Identification of a novel coronavirus in bats	https://jvi.asm.org/content/79/4/2001.short	Exotic wildlife can act as reservoirs of diseases that are endemic in the area or can be the source of new emerging diseases through interspecies transmission. The recent emergence of severe acute respiratory syndrome-associated coronavirus (SARS-CoV) highlights the …
36	[HTML][HTML] Early transmission dynamics in Wuhan, China, of novel coronavirus–infected pneumonia	https://www.nejm.org/doi/full/10.1056/NEJMoa2001316	Background The initial cases of novel coronavirus (2019-nCoV)–infected pneumonia (NCIP) occurred in Wuhan, Hubei Province, China, in December 2019 and January 2020. We analyzed data on the first 425 confirmed cases in Wuhan to determine the epidemiologic …
37	Severe acute respiratory syndrome coronavirus-like virus in Chinese horseshoe bats	https://www.pnas.org/content/102/39/14040.short	Although the finding of severe acute respiratory syndrome coronavirus (SARS-CoV) in caged palm civets from live animal markets in China has provided evidence for interspecies transmission in the genesis of the SARS epidemic, subsequent studies suggested that the …
38	Glycyrrhizin, an active component of liquorice roots, and replication of SARS-associated coronavirus	https://www.sciencedirect.com/science/article/pii/S014067360313615X	The outbreak of SARS warrants the search for antiviral compounds to treat the disease. At present, no specific treatment has been identified for SARS-associated coronavirus infection. We assessed the antiviral potential of ribavirin, 6-azauridine, pyrazofurin …
39	A new model for coronavirus transcription	https://link.springer.com/chapter/10.1007/978-1-4615-5331-1_26	Coronaviruses contain an unusually long (27–32,000 ribonucleotide) positive sense RNA genome that is polyadenylated at the 3'end and capped at the 5'end. In addition to the genome, infected cells contain subgenomic mRNAs that form a 3'co-terminal nested set with …
40	Feline coronavirus type II strains 79-1683 and 79-1146 originate from a double recombination between feline coronavirus type I and canine coronavirus	https://jvi.asm.org/content/72/5/4508.short	Recent evidence suggests that the type II feline coronavirus (FCoV) strains 79-1146 and 79-1683 have arisen from a homologous RNA recombination event between FCoV type I and canine coronavirus (CCV). In both cases, the template switch apparently took place between …
41	[HTML][HTML] Clinical characteristics of coronavirus disease 2019 in China	https://www.nejm.org/doi/full/10.1056/NEJMoa2002032	Abstract Background Since December 2019, when coronavirus disease 2019 (Covid-19) emerged in Wuhan city and rapidly spread throughout China, data have been needed on the clinical characteristics of the affected patients. Methods We extracted data regarding …
42	[HTML][HTML] Evidence for camel-to-human transmission of MERS coronavirus	https://www.nejm.org/doi/full/10.1056/NEJMoa1401505	We describe the isolation and sequencing of Middle East respiratory syndrome coronavirus (MERS-CoV) obtained from a dromedary camel and from a patient who died of laboratory-confirmed MERS-CoV infection after close contact with camels that had rhinorrhea. Nasal …
43	[HTML][HTML] Ultrastructural characterization of SARS coronavirus	https://www.ncbi.nlm.nih.gov/pmc/articles/PMC3322934/	Severe acute respiratory syndrome (SARS) was first described during a 2002–2003 global outbreak of severe pneumonia associated with human deaths and person-to-person disease transmission. The etiologic agent was initially identified as a coronavirus by thin …
44	Family cluster of Middle East respiratory syndrome coronavirus infections	https://www.nejm.org/doi/pdf/10.1056/nejmoa1303729	A human coronavirus, called the Middle East respiratory syndrome coronavirus (MERS-CoV), was first identified in September 2012 in samples obtained from a Saudi Arabian businessman who died from acute respiratory failure. Since then, 49 cases of infections …
45	Human coronavirus NL63 employs the severe acute respiratory syndrome coronavirus receptor for cellular entry	https://www.pnas.org/content/102/22/7988.short	Coronavirus (CoV) infection of humans is usually not associated with severe disease. However, discovery of the severe acute respiratory syndrome (SARS) CoV revealed that highly pathogenic human CoVs (HCoVs) can evolve. The identification and characterization …
46	Coronavirus diversity, phylogeny and interspecies jumping	https://journals.sagepub.com/doi/abs/10.3181/0903-MR-94	The SARS epidemic has boosted interest in research on coronavirus biodiversity and genomics. Before 2003, there were only 10 coronaviruses with complete genomes available. After the SARS epidemic, up to December 2008, there was an addition of 16 …
47	Isolation and characterization of viruses related to the SARS coronavirus from animals in southern China	https://science.sciencemag.org/content/302/5643/276.short	A novel coronavirus (SCoV) is the etiological agent of severe acute respiratory syndrome (SARS). SCoV-like viruses were isolated from Himalayan palm civets found in a live-animal market in Guangdong, China. Evidence of virus infection was also detected in other animals …
48	[PDF][PDF] Croup is associated with the novel coronavirus NL63	https://journals.plos.org/plosmedicine/article/file?type=printable&id=10.1371/journal.pmed.0020240	"1 Department of Human Retrovirology, Academic Medical Center, University of Amsterdam, 
Amsterdam, The Netherlands, 2 Department of Molecular and Medical Virology, Ruhr-University 
Bochum, Bochum, Germany, 3 Center for Clinical Trials and Institute of Medical Biometry and …"
49	[HTML][HTML] Human coronavirus NL63, France	https://www.ncbi.nlm.nih.gov/pmc/articles/PMC3320486/	The human coronavirus NL63 (HCoV-NL63) was first identified in the Netherlands, and its circulation in France has not been investigated. We studied HCoV-NL63 infection in hospitalized children diagnosed with respiratory tract infections. From November 2002 to …
50	Newly discovered coronavirus as the primary cause of severe acute respiratory syndrome	https://www.sciencedirect.com/science/article/pii/S0140673603139670	Background The worldwide outbreak of severe acute respiratory syndrome (SARS) is associated with a newly discovered coronavirus, SARS-associated coronavirus (SARSCoV). We did clinical and experimental studies to assess the role of this virus in the cause of …
51	Dipeptidyl peptidase 4 is a functional receptor for the emerging human coronavirus-EMC	https://www.nature.com/articles/nature12005	Most human coronaviruses cause mild upper respiratory tract disease but may be associated with more severe pulmonary disease in immunocompromised individuals 1. However, SARS coronavirus caused severe lower respiratory disease with nearly 10 …
52	Bovine coronavirus hemagglutinin protein	https://www.sciencedirect.com/science/article/pii/0168170285900590	Abstract Treatment of purified bovine coronavirus (Mebus strain) with pronase destroyed the integrity of virion surface glycoproteins gp140, gp120, gp100, reduced the amount of gp26 and destroyed the hemagglutinating activity of the virus. Bromelain, on the other hand …
53	Structure of SARS coronavirus spike receptor-binding domain complexed with receptor	https://science.sciencemag.org/content/309/5742/1864.short	The spike protein (S) of SARS coronavirus (SARS-CoV) attaches the virus to its cellular receptor, angiotensin-converting enzyme 2 (ACE2). A defined receptor-binding domain (RBD) on S mediates this interaction. The crystal structure at 2.9 angstrom resolution of the …
54	Evidence of human coronavirus HKU1 and human bocavirus in Australian children	https://www.sciencedirect.com/science/article/pii/S1386653205002659	Undiagnosed cases of respiratory tract disease suspected of an infectious aetiology peak during the winter months. Since studies applying molecular diagnostic assays usually report reductions in the number of undiagnosed cases of infectious disease compared to traditional …
55	Bovine coronavirus structural proteins.	https://jvi.asm.org/content/42/2/700.short	The tissue culture-adapted strain (Mebus) of bovine coronavirus was grown in the presence of isotopically labeled amino acids, glucosamine, or orthophosphate for the purpose of analyzing the virion structural proteins. Five species of polypeptides were identified when …
56	Coronavirus replication complex formation utilizes components of cellular autophagy	http://www.jbc.org/content/279/11/10136.short	The coronavirus mouse hepatitis virus (MHV) performs RNA replication on double membrane vesicles (DMVs) in the cytoplasm of the host cell. However, the mechanism by which these DMVs form has not been determined. Using genetic, biochemical, and cell …
57	Inhibitors of cathepsin L prevent severe acute respiratory syndrome coronavirus entry	https://www.pnas.org/content/102/33/11876.short	Severe acute respiratory syndrome (SARS) is caused by an emergent coronavirus (SARS-CoV), for which there is currently no effective treatment. SARS-CoV mediates receptor binding and entry by its spike (S) glycoprotein, and infection is sensitive to lysosomotropic …
58	[HTML][HTML] A novel coronavirus outbreak of global health concern	https://www.thelancet.com/journals/lancet/article/PIIS0140-6736(20)30185-9/fulltext	In December, 2019, Wuhan, Hubei province, China, became the centre of an outbreak of pneumonia of unknown cause, which raised intense attention not only within China but internationally. Chinese health authorities did an immediate investigation to characterise …
59	[PDF][PDF] SARS-coronavirus replication is supported by a reticulovesicular network of modified endoplasmic reticulum	https://journals.plos.org/plosbiology/article/file?type=printable&id=10.1371/journal.pbio.0060226	Viruses rely on the host cell's infrastructure and metabolism during essentially all stages of their replication cycle and have therefore adopted strategies to coordinate a variety of molecular interactions in both time and intracellular space. The fact that the replication …
60	[HTML][HTML] A pneumonia outbreak associated with a new coronavirus of probable bat origin	https://www.nature.com/articles/s41586-020-2012-7?rel=outbound	Since the outbreak of severe acute respiratory syndrome (SARS) 18 years ago, a large number of SARS-related coronaviruses (SARSr-CoVs) have been discovered in their natural reservoir host, bats 1, 2, 3, 4. Previous studies have shown that some bat SARSr-CoVs have …
61	Immunopathogenesis of coronavirus infections: implications for SARS	https://www.nature.com/articles/nri1732	At the end of 2002, the first cases of severe acute respiratory syndrome (SARS) were reported, and in the following year, SARS resulted in considerable mortality and morbidity worldwide. SARS is caused by a novel species of coronavirus (SARS-CoV) and is the most …
62	Antigenic relationships among proteins of bovine coronavirus, human respiratory coronavirus OC43, and mouse hepatitis coronavirus A59.	https://jvi.asm.org/content/51/2/384.short	Antisera prepared against each of three single and one pair of major structural proteins of the bovine coronavirus (Mebus strain) were used in immunoblotting studies to measure cross-reactivity with the structural proteins of the human coronavirus OC43 and the mouse …
63	Coronavirus IBV: structural characterization of the spike protein	https://www.microbiologyresearch.org/content/journal/jgv/10.1099/0022-1317-64-12-2577	The spike protein (S; surface projection) of avian infectious bronchitis virus (IBV) strain M41 comprises two glycopolypeptides, S1 (mol. wt. 90× 103) and S2 (mol. wt. 84× 103), in equimolar proportions. The apparent mol. wt. of S was calculated as 354 (±17)× 103 …
64	Clinical characteristics of 138 hospitalized patients with 2019 novel coronavirus–infected pneumonia in Wuhan, China	https://jamanetwork.com/journals/jama/article-abstract/2761044	Importance In December 2019, novel coronavirus (2019-nCoV)–infected pneumonia (NCIP) occurred in Wuhan, China. The number of cases has increased rapidly but information on the clinical characteristics of affected patients is limited. Objective To describe the …
65	An enteric coronavirus infection of cats and its relationship to feline infectious peritonitis.	https://europepmc.org/abstract/med/6267960	An enteric coronavirus that is antigenically closely related to feline infectious peritonitis virus (FIPV) is ubiquitous in the cat population. This virus has been designated feline enteric coronavirus to differentiate it from FIPV. The virus is shed in the feces by many seropositive …
66	[PDF][PDF] Coronavirus mRNA synthesis involves fusion of non‐contiguous sequences.	https://www.embopress.org/doi/pdf/10.1002/j.1460-2075.1983.tb01667.x	Positive‐stranded genomic RNA of coronavirus MHV and its six subgenomic mRNAs are synthesized in the cytoplasm of the host cell. The mRNAs are composed of leader and body sequences which are non‐contiguous on the genome and are fused together in the …
67	[HTML][HTML] Canine coronavirus highly pathogenic for dogs	https://www.ncbi.nlm.nih.gov/pmc/articles/PMC3291441/	"Coronaviruses are large, enveloped, positive-stranded RNA viruses (1). Three different coronaviruses 
have been identified in dogs (2,3). Canine coronavirus (CCoV) type I and type II are included 
in group 1 coronaviruses, and their evolution is related to that of feline coronavirus (FCoV) type …"
68	[HTML][HTML] Rapid identification of emerging pathogens: coronavirus	https://www.ncbi.nlm.nih.gov/pmc/articles/PMC3298233/	We describe a new approach for infectious disease surveillance that facilitates rapid identification of known and emerging pathogens. The process uses broad-range polymerase chain reaction (PCR) to amplify nucleic acid targets from large groupings of …
69	[HTML][HTML] MERS coronavirus in dromedary camel herd, Saudi Arabia	https://www.ncbi.nlm.nih.gov/pmc/articles/PMC4073860/	A prospective study of a dromedary camel herd during the 2013–14 calving season showed Middle East respiratory syndrome coronavirus infection of calves and adults. Virus was isolated from the nose and feces but more frequently from the nose. Preexisting neutralizing …
70	Experimental infection of pigs with a new porcine enteric coronavirus, CV 777.	https://europepmc.org/abstract/med/6245603	Cesarean-derived colostrum-deprived and conventionally reared pigs were orally inoculated with the coronavirus-like agent, CV 777, isolate from an outbreak of epizootic diarrhea in swine of all ages. Viral particles detected by electron microscopy in the feces and …
71	Human coronavirus NL63 infection in Canada	https://academic.oup.com/jid/article-abstract/191/4/503/937294	The isolation of human coronavirus NL63 (HCoV-NL63) in The Netherlands raised questions about its contribution to respiratory illness. In this study, a total of 525 respiratory specimens, collected in Canada primarily during the winter months of 2001–2002, were …
72	Coronavirus genomics and bioinformatics analysis	https://www.mdpi.com/1999-4915/2/8/1804	The drastic increase in the number of coronaviruses discovered and coronavirus genomes being sequenced have given us an unprecedented opportunity to perform genomics and bioinformatics analysis on this family of viruses. Coronaviruses possess the largest …
73	Genomic characterization of a newly discovered coronavirus associated with acute respiratory distress syndrome in humans	https://mbio.asm.org/content/3/6/e00473-12.short	ABSTRACT A novel human coronavirus (HCoV-EMC/2012) was isolated from a man with acute pneumonia and renal failure in June 2012. This report describes the complete genome sequence, genome organization, and expression strategy of HCoV-EMC/2012 and …
74	Clinical progression and viral load in a community outbreak of coronavirus-associated SARS pneumonia: a prospective study	https://www.sciencedirect.com/science/article/pii/S0140673603134125	Background We investigated the temporal progression of the clinical, radiological, and virological changes in a community outbreak of severe acute respiratory syndrome (SARS). Methods We followed up 75 patients for 3 weeks managed with a standard treatment …
75	Middle East respiratory syndrome coronavirus neutralising serum antibodies in dromedary camels: a comparative serological study	https://www.sciencedirect.com/science/article/pii/S1473309913701646	Background A new betacoronavirus—Middle East respiratory syndrome coronavirus (MERS-CoV)—has been identified in patients with severe acute respiratory infection. Although related viruses infect bats, molecular clock analyses have been unable to identify direct …
76	A DNA vaccine induces SARS coronavirus neutralization and protective immunity in mice	https://www.nature.com/articles/nature02463	Public health measures have successfully identified and contained outbreaks of the severe acute respiratory syndrome (SARS) coronavirus (SARS-CoV) 1, 2, 3, 4, 5, but concerns remain over the possibility of future recurrences. Finding a vaccine for this virus therefore …
77	[PDF][PDF] Assays for laboratory confirmation of novel human coronavirus (hCoV-EMC) infections	https://repub.eur.nl/pub/91517/REPUB_91517_OA.pdf	We present a rigorously validated and highly sensitive confirmatory real-time RT-PCR assay (1A assay) that can be used in combination with the previously reported upE assay. Two additional RT-PCR assays for sequencing are described, targeting the RdRp gene …
78	Bovine respiratory coronavirus	https://www.vetfood.theclinics.com/article/S0749-0720(10)00011-3/abstract	Bovine coronaviruses (BCoVs) cause respiratory and enteric infections in cattle and wild ruminants. 1–3 BCoVs belong to the family Coronaviridae in the order Nidovirales and are members of subgroup 2a along with swine hemagglutinating encephalomyelitis virus (HEV) …
79	Clinical disease in children associated with newly described coronavirus subtypes	https://pediatrics.aappublications.org/content/119/1/e70.short	OBJECTIVES. Coronaviruses cause upper respiratory illness and occasionally lower tract disease in susceptible populations. In this study we examined the prevalence of 4 human coronaviruses, including subtypes OC43, 229E, and the recently described NL63 and HKU1 …
80	[PDF][PDF] Porcine respiratory coronavirus: molecular features and virus-host interactions	https://hal.archives-ouvertes.fr/hal-00902112/document	Summary &horbar; Since 1984, a previously unrecognized respiratory coronavirus, causing a mostly un-apparent infection, has rapidly and massively spread within the swine population in Europe, and few years later, a virus with similar characteristics has been …
81	The nucleoprotein is required for efficient coronavirus genome replication	https://jvi.asm.org/content/78/22/12683.short	The construction of a set of transmissible gastroenteritis coronavirus (TGEV)-derived replicons as bacterial artificial chromosomes is reported. These replicons were generated by sequential deletion of nonessential genes for virus replication, using a modified TGEV full …
82	Coronavirus subgenomic minus-strand RNAs and the potential for mRNA replicons	https://www.pnas.org/content/86/14/5626.short	The genome of the porcine transmissible gastroenteritis coronavirus is a plus-strand, polyadenylylated, infectious RNA molecule of approximately 20 kilobases. During virus replication, seven subgenomic mRNAs are generated by what is thought to be a leader …
83	[HTML][HTML] SARS coronavirus: a new challenge for prevention and therapy	https://www.jci.org/articles/view/18819	1606 The Journal of Clinical Investigation| June 2003| Volume 111| Number 11 without hospitalization (10). In animals, reinfection with coronaviruses is common, with or without disease symptoms. The duration of shedding of SARS-CoV from respiratory secretions of …
84	Detection of a novel human coronavirus by real-time reverse-transcription polymerase chain reaction	https://repub.eur.nl/pub/87211/	We present two real-time reverse-transcription polymerase chain reaction assays for a novel human coronavirus (CoV), targeting regions upstream of the E gene (upE) or within open reading frame (ORF) 1b, respectively. Sensitivity for upE is 3.4 copies per reaction (95 …
85	Completion of the porcine epidemic diarrhoea coronavirus (PEDV) genome sequence	https://link.springer.com/article/10.1023/A:1011831902219	The sequence of the replicase gene of porcine epidemic diarrhoea virus (PEDV) has been determined. This completes the sequence of the entire genome of strain CV777, which was found to be 28,033 nucleotides (nt) in length (excluding the poly A-tail). A cloning strategy …
86	Completion of the sequence of the genome of the coronavirus avian infectious bronchitis virus	https://www.microbiologyresearch.org/content/journal/jgv/10.1099/0022-1317-68-1-57	The nucleotide sequence determination of the genome of the Beaudette strain of the coronavirus avian infectious bronchitis virus (IBV) has been completed. The complete sequence has been obtained from 17 overlapping cDNA clones, the 5′-most of which …
87	Coronavirus minus-strand RNA synthesis and effect of cycloheximide on coronavirus RNA synthesis.	https://jvi.asm.org/content/57/1/328.short	The temporal sequence of coronavirus plus-strand and minus-strand RNA synthesis was determined in 17CL1 cells infected with the A59 strain of mouse hepatitis virus (MHV). MHV-induced fusion was prevented by keeping the pH of the medium below pH 6.8. This had no …
88	Isolation of coronavirus envelope glycoproteins and interaction with the viral nucleocapsid.	https://jvi.asm.org/content/33/1/449.short	The two envelope glycoproteins and the viral nucleocapsid of the coronavirus A59 were isolated by solubilization of the viral membrane with Nonidet P-40 at 4 degrees C followed by sucrose density gradient sedimentation. Isolated E2 consisted of rosettes of peplomers …
89	Complete genomic sequence of human coronavirus OC43: molecular clock analysis suggests a relatively recent zoonotic coronavirus transmission event	https://jvi.asm.org/content/79/3/1595.short	Coronaviruses are enveloped, positive-stranded RNA viruses with a genome of approximately 30 kb. Based on genetic similarities, coronaviruses are classified into three groups. Two group 2 coronaviruses, human coronavirus OC43 (HCoV-OC43) and bovine …
90	[PDF][PDF] Design of wide-spectrum inhibitors targeting coronavirus main proteases	https://journals.plos.org/plosbiology/article/file?type=printable&id=10.1371/journal.pbio.0030324	The genus Coronavirus belongs to the plus-strand RNA virus family of the Coronaviridae and currently contains about 25 species that are classified into three groups according to their genetic and serological relationships [1–4]. Coronaviruses (CoVs) infect humans and …
91	Association between a novel human coronavirus and Kawasaki disease	https://academic.oup.com/jid/article-abstract/191/4/499/937208	Kawasaki disease is a systemic vasculitis of childhood; its etiology is unknown. We identified evidence of a novel human coronavirus, designated “New Haven coronavirus”(HCoVNH), in respiratory secretions from a 6-month-old infant with classic Kawasaki disease. To further …
92	Pathogenicity of antigenic variants of murine coronavirus JHM selected with monoclonal antibodies.	https://jvi.asm.org/content/58/3/869.short	To analyze the pathogenesis of the neurotropic murine coronavirus JHMV, we used monoclonal antibodies to the E2 viral glycoprotein to select antigenic variant viruses. Monoclonal antibodies J. 7.2 and J. 2.2 were shown to bind to topographically distinct …
93	Human coronavirus NL63 infection and other coronavirus infections in children hospitalized with acute respiratory disease in Hong Kong, China	https://academic.oup.com/cid/article-abstract/40/12/1721/312448	Abstract Background. Human coronavirus NL63 (HCoV-NL63) is a recently discovered human coronavirus found to cause respiratory illness in children and adults that is distinct from the severe acute respiratory syndrome (SARS) coronavirus and human coronaviruses …
94	Structural polypeptides of coronavirus IBV	https://www.microbiologyresearch.org/content/journal/jgv/10.1099/0022-1317-53-1-93	Avian infectious bronchitis virus (IBV) was grown and radiolabelled with 35S-methionine, 3H-leucine and 3H-glucosamine in de-embryonated chicken eggs. Approximately 12 different polypeptides were clearly detected by SDS-polyacrylamide gel electrophoresis of virus …
95	Human monoclonal antibody as prophylaxis for SARS coronavirus infection in ferrets	https://www.sciencedirect.com/science/article/pii/S0140673604165069	SARS coronavirus continues to cause sporadic cases of severe acute respiratory syndrome (SARS) in China. No active or passive immunoprophylaxis for disease induced by SARS coronavirus is available. We investigated prophylaxis of SARS coronavirus infection with a …
96	[HTML][HTML] Possible SARS coronavirus transmission during cardiopulmonary resuscitation	https://www.ncbi.nlm.nih.gov/pmc/articles/PMC3322904/	Infection of healthcare workers with the severe acute respiratory syndrome–associated coronavirus (SARS-CoV) is thought to occur primarily by either contact or large respiratory droplet transmission. However, infrequent healthcare worker infections occurred despite the …
97	Reverse genetics system for the avian coronavirus infectious bronchitis virus	https://jvi.asm.org/content/75/24/12359.short	Major advances in the study of the molecular biology of RNA viruses have resulted from the ability to generate and manipulate full-length genomic cDNAs of the viral genomes with the subsequent synthesis of infectious RNA for the generation of recombinant viruses …
98	[HTML][HTML] Using siRNA in prophylactic and therapeutic regimens against SARS coronavirus in Rhesus macaque	https://www.nature.com/articles/nm1280	Abstract Development of therapeutic agents for severe acute respiratory syndrome (SARS) viral infection using short interfering RNA (siRNA) inhibitors exemplifies a powerful new means to combat emerging infectious diseases. Potent siRNA inhibitors of SARS …
99	[HTML][HTML] Geographic distribution of MERS coronavirus among dromedary camels, Africa	https://www.ncbi.nlm.nih.gov/pmc/articles/PMC4111168/	We found serologic evidence for the circulation of Middle East respiratory syndrome coronavirus among dromedary camels in Nigeria, Tunisia, and Ethiopia. Circulation of the virus among dromedaries across broad areas of Africa may indicate that this disease is …
100	Enteric involvement of severe acute respiratory syndrome-associated coronavirus infection	https://www.sciencedirect.com/science/article/pii/S0016508503012150	Abstract Background & Aims: Severe acute respiratory syndrome (SARS) is a recently emerged infection from a novel coronavirus (CoV). Apart from fever and respiratory complications, gastrointestinal symptoms are frequently observed in patients with SARS but …
101	Molecular biology of severe acute respiratory syndrome coronavirus	https://www.sciencedirect.com/science/article/pii/S1369527404000736	The worldwide epidemic of severe acute respiratory syndrome (SARS) in 2003 was caused by a novel coronavirus called SARS-CoV. Coronaviruses and their closest relatives possess extremely large plus-strand RNA genomes and employ unique mechanisms and enzymes in …
102	[HTML][HTML] Middle East respiratory syndrome coronavirus infection in dromedary camels in Saudi Arabia	https://mbio.asm.org/content/5/2/e00884-14?version=meter+at+null&module=meter-Links&pgtype=article&contentId=&mediaId=&referrer=&priority=true&action=click&contentCollection=meter-links-click	ABSTRACT The Middle East respiratory syndrome (MERS) is proposed to be a zoonotic disease; however, the reservoir and mechanism for transmission of the causative agent, the MERS coronavirus, are unknown. Dromedary camels have been implicated through reports …
103	SARS coronavirus and innate immunity	https://www.sciencedirect.com/science/article/pii/S0168170207001025	The emergence of the highly pathogenic SARS coronavirus (SARS-CoV) has reignited interest in coronavirus biology and pathogenesis. An emerging theme in coronavirus pathogenesis is that the interaction between specific viral genes and the host immune …
104	[HTML][HTML] Distant relatives of severe acute respiratory syndrome coronavirus and close relatives of human coronavirus 229E in bats, Ghana	https://www.ncbi.nlm.nih.gov/pmc/articles/PMC2819850/	We tested 12 bat species in Ghana for coronavirus (CoV) RNA. The virus prevalence in insectivorous bats (n= 123) was 9.76%. CoV was not detected in 212 fecal samples from Eidolon helvum fruit bats. Leaf-nosed bats pertaining to Hipposideros ruber by morphology …
105	[HTML][HTML] A new coronavirus associated with human respiratory disease in China	https://www.nature.com/articles/s41586-020-2008-3?rel=outbound	Emerging infectious diseases, such as severe acute respiratory syndrome (SARS) and Zika virus disease, present a major threat to public health 1, 2, 3. Despite intense research efforts, how, when and where new diseases appear are still a source of considerable uncertainty. A …
106	Molecular evolution of the SARS coronavirus during the course of the SARS epidemic in China	https://science.sciencemag.org/content/303/5664/1666.short	Sixty-one SARS coronavirus genomic sequences derived from the early, middle, and late phases of the severe acute respiratory syndrome (SARS) epidemic were analyzed together with two viral sequences from palm civets. Genotypes characteristic of each phase were …
107	[HTML][HTML] Antibodies to SARS coronavirus in civets	https://www.ncbi.nlm.nih.gov/pmc/articles/PMC3323399/	Using three different assays, we examined 103 serum samples collected from different civet farms and a market in China in June 2003 and January 2004. While civets on farms were largely free from SARS-CoV infection,≈ 80% of the animals from one animal market in …
108	Coronavirus transcription: a perspective	https://link.springer.com/chapter/10.1007/3-540-26765-4_2	Abstract At the VIth International Symposium on Corona and Related Viruses held in Québec, Canada in 1994 we presented a new model for coronavirus transcription to explain how subgenome-length minus strands, which are used as templates for the synthesis of …
109	Genomic characterisation and epidemiology of 2019 novel coronavirus: implications for virus origins and receptor binding	https://www.sciencedirect.com/science/article/pii/S0140673620302518	Summary Background In late December, 2019, patients presenting with viral pneumonia due to an unidentified microbial agent were reported in Wuhan, China. A novel coronavirus was subsequently identified as the causative pathogen, provisionally named 2019 novel …
110	Phylogeny of antigenic variants of avian coronavirus IBV	https://www.sciencedirect.com/science/article/pii/0042682289900585	The sequences of the peplomeric S1 protein of four serologically distinct strains of the infectious bronchitis virus (IBV), an avian coronavirus, have been determined. The S1 protein is thought to contain the serotype-specific neutralization epitopes and to be the main …
111	[HTML][HTML] Another decade, another coronavirus	https://www.nejm.org/doi/full/10.1056/NEJMe2001126	For the third time in as many decades, a zoonotic coronavirus has crossed species to infect human populations. This virus, provisionally called 2019-nCoV, was first identified in Wuhan, China, in persons exposed to a seafood or wet market. The rapid response of the …
112	A 193-amino acid fragment of the SARS coronavirus S protein efficiently binds angiotensin-converting enzyme 2	http://www.jbc.org/content/279/5/3197.short	The coronavirus spike (S) protein mediates infection of receptor-expressing host cells and is a critical target for antiviral neutralizing antibodies. Angiotensin-converting enzyme 2 (ACE2) is a functional receptor for the coronavirus (severe acute respiratory syndrome (SARS)-CoV) …
113	Conservation of substrate specificities among coronavirus main proteases	https://www.microbiologyresearch.org/content/journal/jgv/10.1099/0022-1317-83-3-595	The key enzyme in coronavirus replicase polyprotein processing is the coronavirus main protease, 3CLpro. The substrate specificities of five coronavirus main proteases, including the prototypic enzymes from the coronavirus groups I, II and III, were characterized …
114	Coronavirus pathogenesis	https://www.sciencedirect.com/science/article/pii/B9780123858856000092	Coronaviruses infect many species of animals including humans, causing acute and chronic diseases. This review focuses primarily on the pathogenesis of murine coronavirus mouse hepatitis virus (MHV) and severe acute respiratory coronavirus (SARS-CoV). MHV is a …
115	Coronavirus transcription: subgenomic mouse hepatitis virus replicative intermediates function in RNA synthesis.	https://jvi.asm.org/content/64/3/1050.short	Both genomic and subgenomic replicative intermediates (RIs) and replicative-form (RF) structures were found in 17CL1 mouse cells that had been infected with the A59 strain of mouse hepatitis virus (MHV), a prototypic coronavirus. Seven species of RNase-resistant RF …
116	[HTML][HTML] Human infection with MERS coronavirus after exposure to infected camels, Saudi Arabia, 2013	https://www.ncbi.nlm.nih.gov/pmc/articles/PMC4036761/	We investigated a case of human infection with Middle East respiratory syndrome coronavirus (MERS-CoV) after exposure to infected camels. Analysis of the whole human-derived virus and 15% of the camel-derived virus sequence yielded nucleotide …
117	Interhuman transmissibility of Middle East respiratory syndrome coronavirus: estimation of pandemic risk	https://www.sciencedirect.com/science/article/pii/S0140673613614920	Summary Background The new Middle East respiratory syndrome coronavirus (MERS-CoV) infection shares many clinical, epidemiological, and virological similarities with that of severe acute respiratory syndrome (SARS)-CoV. We aimed to estimate virus transmissibility …
118	[HTML][HTML] Isolation and characterization of a bat SARS-like coronavirus that uses the ACE2 receptor	https://www.nature.com/articles/nature12711	The 2002–3 pandemic caused by severe acute respiratory syndrome coronavirus (SARS-CoV) was one of the most significant public health events in recent history 1. An ongoing outbreak of Middle East respiratory syndrome coronavirus 2 suggests that this group of …
119	Relative rates of non-pneumonic SARS coronavirus infection and SARS coronavirus pneumonia	https://www.sciencedirect.com/science/article/pii/S0140673604157292	Background Although the genome of severe acute respiratory syndrome coronavirus (SARS-CoV) has been sequenced and a possible animal reservoir identified, seroprevalence studies and mass screening for detection of subclinical and non-pneumonic infections are …
120	Binding mechanism of coronavirus main proteinase with ligands and its implication to drug design against SARS	https://www.sciencedirect.com/science/article/pii/S0006291X03013421	In order to stimulate the development of drugs against severe acute respiratory syndrome (SARS), based on the atomic coordinates of the SARS coronavirus main proteinase determined recently [Science 13 (May)(2003)(online)], studies of docking KZ7088 (a …
121	The coronavirus infectious bronchitis virus nucleoprotein localizes to the nucleolus	https://jvi.asm.org/content/75/1/506.short	The coronavirus nucleoprotein (N) has been reported to be involved in various aspects of virus replication. We examined by confocal microscopy the subcellular localization of the avian infectious bronchitis virus N protein both in the absence and in the context of an …
122	[HTML][HTML] SARS coronavirus E protein forms cation-selective ion channels	https://www.sciencedirect.com/science/article/pii/S0042682204006440	Abstract Severe Acute Respiratory Syndrome (SARS) is caused by a novel coronavirus (SARS-CoV). Coronaviruses including SARS-CoV encode an envelope (E) protein, a small, hydrophobic membrane protein. We report that, in planar lipid bilayers, synthetic peptides …
123	Epidemiological and clinical characteristics of 99 cases of 2019 novel coronavirus pneumonia in Wuhan, China: a descriptive study	https://www.sciencedirect.com/science/article/pii/S0140673620302117	Summary Background In December, 2019, a pneumonia associated with the 2019 novel coronavirus (2019-nCoV) emerged in Wuhan, China. We aimed to further clarify the epidemiological and clinical characteristics of 2019-nCoV pneumonia. Methods In this …
124	[HTML][HTML] Close relative of human Middle East respiratory syndrome coronavirus in bat, South Africa	https://www.ncbi.nlm.nih.gov/pmc/articles/PMC3810765/	1. Shojaei H, Daley C, Gitti Z, Hashemi A, Heidarieh P, Moore ERB, et al. M. iranicum sp. nov., a rapidly-growing scotochromogenic species isolated from clinical specimens on three different continents. Int J Syst Evol Microbiol. 2013; 63: 1383–9. http://dx. doi. org/10.1099/ijs …
125	Coronavirus 229E-related pneumonia in immunocompromised patients	https://academic.oup.com/cid/article-abstract/37/7/929/422314	Coronaviruses strains 229E and OC43 have been associated with various respiratory illnesses ranging from the self-resolving common cold to severe pneumonia. Although chronic underlying conditions are major determinants of severe respiratory virus infections …
126	Coronavirus infection of the central nervous system: host–virus stand-off	https://www.nature.com/articles/nrmicro1343	Several viruses infect the mammalian central nervous system (CNS), some with devastating consequences, others resulting in chronic or persistent infections associated with little or no overt pathology. Coronavirus infection of the murine CNS illustrates the contributions of both …
127	CD209L (L-SIGN) is a receptor for severe acute respiratory syndrome coronavirus	https://www.pnas.org/content/101/44/15748.short	Angiotensin-converting enzyme 2 (ACE2) is a receptor for SARS-CoV, the novel coronavirus that causes severe acute respiratory syndrome [Li, W. Moore, MJ, Vasilieva, N., Sui, J., Wong, SK, Berne, MA, Somasundaran, M., Sullivan, JL, Luzuriaga, K., Greenough, TC, et …
128	Envelope glycoprotein interactions in coronavirus assembly.	https://rupress.org/jcb/article-abstract/131/2/339/20911	Coronaviruses are assembled by budding into smooth membranes of the intermediate ER-to-Golgi compartment. We have studied the association of the viral membrane glycoproteins M and S in the formation of the virion envelope. Using coimmunoprecipitation analysis we …
129	Deubiquitinating and interferon antagonism activities of coronavirus papain-like proteases	https://jvi.asm.org/content/84/9/4619.short	Coronaviruses encode multifunctional proteins that are critical for viral replication and for blocking the innate immune response to viral infection. One such multifunctional domain is the coronavirus papain-like protease (PLP), which processes the viral replicase polyprotein …
130	Receptor and viral determinants of SARS‐coronavirus adaptation to human ACE2	https://www.embopress.org/doi/abs/10.1038/sj.emboj.7600640	Human angiotensin‐converting enzyme 2 (ACE2) is a functional receptor for SARS coronavirus (SARS‐CoV). Here we identify the SARS‐CoV spike (S)‐protein‐binding site on ACE2. We also compare S proteins of SARS‐CoV isolated during the 2002–2003 SARS …
131	[HTML][HTML] Coronavirus non-structural protein 1 is a major pathogenicity factor: implications for the rational design of coronavirus vaccines	https://www.ncbi.nlm.nih.gov/pmc/articles/PMC1941747/	Attenuated viral vaccines can be generated by targeting essential pathogenicity factors. We report here the rational design of an attenuated recombinant coronavirus vaccine based on a deletion in the coding sequence of the non-structural protein 1 (nsp1). In cell culture, nsp1 …
132	Small molecules targeting severe acute respiratory syndrome human coronavirus	https://www.pnas.org/content/101/27/10012.short	Severe acute respiratory syndrome (SARS) is an infectious disease caused by a novel human coronavirus. Currently, no effective antiviral agents exist against this type of virus. A cell-based assay, with SARS virus and Vero E6 cells, was developed to screen existing …
133	Profile of specific antibodies to the SARS-associated coronavirus	https://www.nejm.org/doi/pdf/10.1056/NEJM200307313490520	To the Editor: A novel coronavirus called the severe acute respiratory syndrome (SARS)–associated coronavirus (CoV) has been identified as the causal agent of SARS. 1–3 To understand the humoral immunity to this virus, we studied the profile of IgM and IgG antibody …
134	A study of naturally occurring feline coronavirus infections in kittens.	https://europepmc.org/abstract/med/1313617	Feline coronavirus is a common infection in cats, as indicated by the high prevalence of antibodies against the virus, especially in multicat households. Approximately 5 to 12 per cent of seropositive cats develop classical feline infectious peritonitis. A survey of kittens …
135	Nucleocapsid‐independent assembly of coronavirus‐like particles by co‐expression of viral envelope protein genes.	https://www.embopress.org/doi/abs/10.1002/j.1460-2075.1996.tb00553.x	Budding of enveloped viruses has been shown to be driven by interactions between a nucleocapsid and a proteolipid membrane. By contrast, we here describe the assembly of viral envelopes independent of a nucleocapsid. Membrane particles containing coronaviral …
136	[HTML][HTML] The SARS-coronavirus-host interactome: identification of cyclophilins as target for pan-coronavirus inhibitors	https://www.ncbi.nlm.nih.gov/pmc/articles/PMC3203193/	Coronaviruses (CoVs) are important human and animal pathogens that induce fatal respiratory, gastrointestinal and neurological disease. The outbreak of the severe acute respiratory syndrome (SARS) in 2002/2003 has demonstrated human vulnerability to …
137	SARS coronavirus accessory proteins	https://www.sciencedirect.com/science/article/pii/S0168170207003711	The emergence of the severe acute respiratory syndrome coronavirus (SARS-CoV) has led to a renewed interest in studying the role of accessory proteins in regulating coronavirus infections in the natural host. A significant body of evidence has accumulated in the area of …
138	Human coronavirus EMC does not require the SARS-coronavirus receptor and maintains broad replicative capability in mammalian cell lines	https://mbio.asm.org/content/3/6/e00515-12.short	ABSTRACT A new human coronavirus (hCoV-EMC) has emerged very recently in the Middle East. The clinical presentation resembled that of the severe acute respiratory syndrome (SARS) as encountered during the epidemic in 2002/2003. In both cases, acute …
139	Recombination, reservoirs, and the modular spike: mechanisms of coronavirus cross-species transmission	https://jvi.asm.org/content/84/7/3134.short	Over the past 30 years, several cross-species transmission events, as well as changes in virus tropism, have mediated significant animal and human diseases. Most notable is severe acute respiratory syndrome (SARS), a lower respiratory tract disease of humans that was …
140	The coronavirus membrane glycoprotein	https://link.springer.com/chapter/10.1007/978-1-4899-1531-3_6	Coronaviruses have a simple protein composition. While there is some variation among different members, a basic set of four protein species universally occurs: the nucleocapsid protein (N), the spike protein (S), a small membrane protein (SM), and the membrane …
141	Seroepidemiologic studies of coronavirus infection in adults and children	https://academic.oup.com/aje/article-abstract/91/6/585/213597	Abstract McIntosh, KAZ Kapikian, H. C Turner, JW Hartley, RH Parrott and RM Chanock.(Lab. of Infectious Diseases, NIAID, NIH, Bethesda, Md. 20014) Sero-epidemiologic studies of coronavirus infection in adults and children. Amer. J. Epid., 1970 …
142	[HTML][HTML] MERS coronavirus neutralizing antibodies in camels, Eastern Africa, 1983–1997	https://www.ncbi.nlm.nih.gov/pmc/articles/PMC4257824/	To analyze the distribution of Middle East respiratory syndrome coronavirus (MERS-CoV)–seropositive dromedary camels in eastern Africa, we tested 189 archived serum samples accumulated during the past 30 years. We identified MERS-CoV neutralizing antibodies in …
143	A crucial role of angiotensin converting enzyme 2 (ACE2) in SARS coronavirus–induced lung injury	https://www.nature.com/articles/nm1267	During several months of 2003, a newly identified illness termed severe acute respiratory syndrome (SARS) spread rapidly through the world 1, 2, 3. A new coronavirus (SARS-CoV) was identified as the SARS pathogen 4, 5, 6, 7, which triggered severe pneumonia and …
144	[HTML][HTML] Distinct patterns of IFITM-mediated restriction of filoviruses, SARS coronavirus, and influenza A virus	https://www.ncbi.nlm.nih.gov/pmc/articles/PMC3017121/	Abstract Interferon-inducible transmembrane proteins 1, 2, and 3 (IFITM1, 2, and 3) are recently identified viral restriction factors that inhibit infection mediated by the influenza A virus (IAV) hemagglutinin (HA) protein. Here we show that IFITM proteins restricted infection …
145	Pathogenesis of coronavirus-induced infections	https://link.springer.com/chapter/10.1007/978-1-4615-5331-1_65	Models of Coronavirus Pathogenesis Coronaviruses and arteriviruses infect multiple species of mammals, including humans, causing diseases that range from encephalitis to enteritis. Several of these viruses infect domestic animals and cause significant morbidity …
146	[HTML][HTML] Pneumonia from human coronavirus in a macaque model	https://www.ncbi.nlm.nih.gov/pmc/articles/PMC3815470/	During the past year, a newly identified human coronavirus (hCoV) associated with severe respiratory disease and occasionally acute renal failure has emerged in the Middle East. 1 A total of 15 laboratory-confirmed human cases have been reported from Saudi Arabia, Qatar …
147	[HTML][HTML] Porcine aminopeptidase N is a functional receptor for the PEDV coronavirus	https://www.sciencedirect.com/science/article/pii/S0042682207001675	Porcine epidemic diarrhea virus (PEDV) causes lethal diarrhea in piglets that leads to great economic losses in East Asia. It was reported that aminopeptidase N (APN) is the receptor for transmissible gastroenteritis virus (TGEV), human coronavirus 229E (HCoV-229E) and …
148	[HTML][HTML] Antibodies against MERS coronavirus in dromedary camels, Kenya, 1992–2013	https://www.ncbi.nlm.nih.gov/pmc/articles/PMC4111164/	Dromedary camels are a putative source for human infections with Middle East respiratory syndrome coronavirus. We showed that camels sampled in different regions in Kenya during 1992–2013 have antibodies against this virus. High densities of camel populations …
149	Rhinovirus and coronavirus infection-associated hospitalizations among older adults	https://academic.oup.com/jid/article-abstract/185/9/1338/938156	Rhinoviruses and coronaviruses are recognized as the major causes of the common cold syndrome. The role of these viruses in more serious respiratory illnesses resulting in hospitalization is less well defined. During a winter when influenza A infection was …
150	An efficient method to make human monoclonal antibodies from memory B cells: potent neutralization of SARS coronavirus	https://www.nature.com/articles/nm1080	Passive serotherapy can confer immediate protection against microbial infection, but methods to rapidly generate human neutralizing monoclonal antibodies are not yet available. We have developed an improved method for Epstein-Barr virus transformation of …
151	Molecular basis of binding between novel human coronavirus MERS-CoV and its receptor CD26	https://www.nature.com/articles/nature12328	Abstract The newly emergent Middle East respiratory syndrome coronavirus (MERS-CoV) can cause severe pulmonary disease in humans 1, 2, representing the second example of a highly pathogenic coronavirus, the first being SARS-CoV 3. CD26 (also known as dipeptidyl …
152	Control of coronavirus infection through plasmacytoid dendritic-cell–derived type I interferon	https://ashpublications.org/blood/article-abstract/109/3/1131/23873	This study demonstrates a unique and crucial role of plasmacytoid dendritic cells (pDCs) and pDC-derived type I interferons (IFNs) in the pathogenesis of mouse coronavirus infection. pDCs controlled the fast replicating mouse hepatitis virus (MHV) through the …
153	Minus-strand copies of replicating coronavirus mRNAs contain antileaders.	https://jvi.asm.org/content/65/1/320.short	The 59 leader sequence on mRNAs of the porcine transmissible gastroenteritis coronavirus was determined and found to be 90 nucleotides in length. An oligodeoxynucleotide with a sequence from within the leader was used as a probe in Northern analysis on RNA from …
154	[HTML][HTML] Antibodies against MERS coronavirus in dromedary camels, United Arab Emirates, 2003 and 2013	https://www.ncbi.nlm.nih.gov/pmc/articles/PMC3966379/	Middle East respiratory syndrome coronavirus (MERS-CoV) has caused an ongoing outbreak of severe acute respiratory tract infection in humans in the Arabian Peninsula since 2012. Dromedary camels have been implicated as possible viral reservoirs. We used …
155	Purified coronavirus spike protein nanoparticles induce coronavirus neutralizing antibodies in mice	https://www.sciencedirect.com/science/article/pii/S0264410X14005180	Abstract Development of vaccination strategies for emerging pathogens are particularly challenging because of the sudden nature of their emergence and the long process needed for traditional vaccine development. Therefore, there is a need for development of a rapid …
156	Pegylated interferon-α protects type 1 pneumocytes against SARS coronavirus infection in macaques	https://www.nature.com/articles/nm1001	The primary cause of severe acute respiratory syndrome (SARS) is a newly discovered coronavirus 1, 2, 3, 4, 5, 6, 7. Replication of this SARS coronavirus (SCV) occurs mainly in the lower respiratory tract, and causes diffuse alveolar damage 2, 7, 8. Lack of …
157	Selective replication of coronavirus genomes that express nucleocapsid protein	https://jvi.asm.org/content/79/11/6620.short	The coronavirus nucleocapsid (N) protein is a structural protein that forms a ribonucleoprotein complex with genomic RNA. In addition to its structural role, it has been described as an RNA-binding protein that might be involved in coronavirus RNA synthesis …
158	Cross-host evolution of severe acute respiratory syndrome coronavirus in palm civet and human	https://www.pnas.org/content/102/7/2430.short	The genomic sequences of severe acute respiratory syndrome coronaviruses from human and palm civet of the 2003/2004 outbreak in the city of Guangzhou, China, were nearly identical. Phylogenetic analysis suggested an independent viral invasion from animal to …
159	[HTML][HTML] Detection of SARS coronavirus in patients with suspected SARS	https://www.ncbi.nlm.nih.gov/pmc/articles/PMC3322905/	Cases of severe acute respiratory syndrome (SARS) were investigated for SARS coronavirus (SARS-CoV) through RNA tests, serologic response, and viral culture. Of 537 specimens from patients in whom SARS was clinically diagnosed, 332 (60%) had SARS …
160	Coronavirus JHM: intracellular protein synthesis	https://www.microbiologyresearch.org/content/journal/jgv/10.1099/0022-1317-53-1-145	Coronavirus JHM contained six major proteins, four of which were glycosylated. The proteins were gp170, gp98, gp65, p60, gp25 and p23. Sac (-) cells infected with JHM shut off host cell protein synthesis, and the synthesis of three major (150K, 60K and 23K) and three …
161	Crystal structure of severe acute respiratory syndrome coronavirus spike protein fusion core	http://www.jbc.org/content/279/47/49414.short	Severe acute respiratory syndrome coronavirus is a newly emergent virus responsible for a recent outbreak of an atypical pneumonia. The coronavirus spike protein, an enveloped glycoprotein essential for viral entry, belongs to the class I fusion proteins and is …
162	Electron microscopic studies of coronavirus	https://www.microbiologyresearch.org/content/journal/jgv/10.1099/0022-1317-12-2-161	Electron-microscopic studies of the morphology and development of a coronavirus (linder strain), isolated in human foetal diploid lung cells from a case of upper respiratory illness, revealed virus particles of diameter 80 to 160 nm. They were initially observed 12 hr after …
163	Receptor recognition by the novel coronavirus from Wuhan: an analysis based on decade-long structural studies of SARS coronavirus	https://jvi.asm.org/content/94/7/e00127-20.abstract	ABSTRACT Recently, a novel coronavirus (2019-nCoV) has emerged from Wuhan, China, causing symptoms in humans similar to those caused by severe acute respiratory syndrome coronavirus (SARS-CoV). Since the SARS-CoV outbreak in 2002, extensive structural …
164	Studies on the epizootiology of canine coronavirus.	https://europepmc.org/abstract/med/8382389	The seroprevalence and, or, incidence of canine coronavirus infection was determined in several dog populations in the UK. Seroprevalence ranged from 76 per cent for a rescue kennel to 100 per cent in a commercial breeding colony. In the rescue kennel there was no …
165	Reverse genetics with a full-length infectious cDNA of severe acute respiratory syndrome coronavirus	https://www.pnas.org/content/100/22/12995.short	A previously undescribed coronavirus (CoV) is the etiologic agent responsible for severe acute respiratory syndrome (SARS). Using a panel of contiguous cDNAs that span the entire genome, we have assembled a full-length cDNA of the SARS-CoV Urbani strain, and have …
166	Severe acute respiratory syndrome vaccine development: experiences of vaccination against avian infectious bronchitis coronavirus	https://www.tandfonline.com/doi/abs/10.1080/03079450310001621198	Vaccines against infectious bronchitis of chickens (Gallus gallus domesticus) have arguably been the most successful, and certainly the most widely used, of vaccines for diseases caused by coronaviruses, the others being against bovine, canine, feline and porcine …
167	Mosaic evolution of the severe acute respiratory syndrome coronavirus	https://jvi.asm.org/content/78/1/76.short	Severe acute respiratory syndrome (SARS) is a deadly form of pneumonia caused by a novel coronavirus, a viral family responsible for mild respiratory tract infections in a wide variety of animals including humans, pigs, cows, mice, cats, and birds. Analyses to date …
168	Epidemiology of coronavirus respiratory infections.	https://adc.bmj.com/content/58/7/500.short	Human coronaviruses were found by enzyme linked immunosorbent assay in upper respiratory tract secretions taken during 30% of 108 acute respiratory infections experienced by 30 children under age 6 years with recurrent respiratory infections (index group), and …
169	Membrane topology of coronavirus E protein	https://www.sciencedirect.com/science/article/pii/S0042682201908189	Coronavirus small envelope protein E has two known biological functions: it plays a pivotal role in virus envelope formation, and the murine coronavirus E protein induces apoptosis in E protein-expressing cultured cells. The E protein is an integral membrane protein. Its C …
170	Multiple enzymatic activities associated with severe acute respiratory syndrome coronavirus helicase	https://jvi.asm.org/content/78/11/5619.short	Severe acute respiratory syndrome coronavirus (SARS-CoV), a newly identified group 2 coronavirus, is the causative agent of severe acute respiratory syndrome, a life-threatening form of pneumonia in humans. Coronavirus replication and transcription are highly …
171	[HTML][HTML] Interferon-β 1a and SARS coronavirus replication	https://www.ncbi.nlm.nih.gov/pmc/articles/PMC3322919/	A global outbreak of severe acute respiratory syndrome (SARS) caused by a novel coronavirus began in March 2003. The rapid emergence of SARS and the substantial illness and death it caused have made it a critical public health issue. Because no effective …
172	Pathogenic differences between various feline coronavirus isolates	https://link.springer.com/chapter/10.1007/978-1-4615-9373-7_36	Coronaviruses are being isolated with increasing frequency from cats. These various isolates can be divided into two major groups: 1) coronaviruses that induce a disease of cats known as feline infectious peritonitis (FIP), and 2) coronaviruses that cause a transient …
173	[HTML][HTML] Middle East respiratory syndrome coronavirus infections in health care workers	https://www.nejm.org/doi/full/10.1056/NEJMc1308698	MERS coronavirus has recently emerged as a pathogen causing severe infection in humans. In a report from Saudi Arabia, mild infection in health care workers caring for infected patients is identified through a screening program. Implications for infection control …
174	Structural characterization of the SARS-coronavirus spike S fusion protein core	http://www.jbc.org/content/279/20/20836.short	The spike (S) glycoprotein of coronaviruses mediates viral entry into host cells. It is a type 1 viral fusion protein that characteristically contains two heptad repeat regions, denoted HR-N and HR-C, that form coiled-coil structures within the ectodomain of the protein. Previous …
175	[HTML][HTML] Coronavirus nucleocapsid protein is an RNA chaperone	https://www.sciencedirect.com/science/article/pii/S0042682206005253	RNA chaperones are nonspecific nucleic acid binding proteins with long disordered regions that help RNA molecules to adopt its functional conformation. Coronavirus nucleoproteins (N) are nonspecific RNA-binding proteins with long disordered regions. Therefore, we …
176	Protease-mediated enhancement of severe acute respiratory syndrome coronavirus infection	https://www.pnas.org/content/102/35/12543.short	A unique coronavirus severe acute respiratory syndrome-coronavirus (SARS-CoV) was revealed to be a causative agent of a life-threatening SARS. Although this virus grows in a variety of tissues that express its receptor, the mechanism of the severe respiratory illness …
177	The coronavirus spike protein is a class I virus fusion protein: structural and functional characterization of the fusion core complex	https://jvi.asm.org/content/77/16/8801.short	Coronavirus entry is mediated by the viral spike (S) glycoprotein. The 180-kDa oligomeric S protein of the murine coronavirus mouse hepatitis virus strain A59 is posttranslationally cleaved into an S1 receptor binding unit and an S2 membrane fusion unit. The latter is …
178	The coronavirus nucleocapsid protein	https://link.springer.com/chapter/10.1007/978-1-4899-1531-3_7	The nucleocapsid (N) proteins of coronaviruses, as with most enveloped viruses, have received less attention than the surface glycoproteins and generally have been perceived to be of lesser concern. Interest in this class of proteins, however, has been stimulated in …
179	Shedding of enteric coronavirus in adult cattle.	https://europepmc.org/abstract/med/3032023	Electron microscopic examination of fecal specimens from adult dairy cows indicated seasonal coronavirus shedding. Fifty-two cows from a 300 cow herd were monitored for shedding of coronavirus. Approximately 50% to 60% of the cows monitored shed …
180	Isolation of a porcine respiratory, non‐enteric coronavirus related to transmissible gastroenteritis	https://www.tandfonline.com/doi/abs/10.1080/01652176.1986.9694050	A porcine respiratory, non‐enteric virus which is related to the coronavirus transmissible gastroenteritus virus (TGEV) has been isolated in pigs and in cell culture. The isolate was designated TLM 83. It has become very widespread and enzootic among the swine …
181	Association of coronavirus infection with neonatal necrotizing enterocolitis	https://pediatrics.aappublications.org/content/69/2/209.short	From the clustered occurrence of numerous cases of necrotizing enterocolitis in newborns, it was possible to associate this disease significantly with infection due to coronavirus-like agents. Prematurity or low birth weight did not seem to affect the development of the …
182	Identification and characterization of a coronavirus packaging signal.	https://jvi.asm.org/content/66/6/3522.short	Previously, a mouse hepatitis virus (MHV) genomic sequence necessary for defective interfering (DI) RNA packaging into MHV particles (packaging signal) was mapped to within a region of 1,480 nucleotides in the MHV polymerase gene by comparison of two DI RNAs …
183	Specific interaction between coronavirus leader RNA and nucleocapsid protein.	https://jvi.asm.org/content/62/11/4288.short	Northwestern blot analysis in the presence of competitor RNA was used to examine the interaction between the mouse hepatitis virus (MHV) nucleocapsid protein (N) and virus-specific RNAs. Our accompanying article demonstrates that anti-N monoclonal antibodies …
184	An outbreak of coronavirus OC43 respiratory infection in Normandy, France	https://academic.oup.com/cid/article-abstract/36/8/985/449256	The 2 groups of human coronaviruses (HCoVs) represented by the prototype strains HCoV 229E and HCoV OC43 are mostly known as viruses responsible for common cold syndrome. HCoVs are difficult to detect, and epidemiological data are rare. From October 2000 through …
185	Identification and characterization of severe acute respiratory syndrome coronavirus replicase proteins	https://jvi.asm.org/content/78/18/9977.short	The severe acute respiratory syndrome coronavirus (SARS-CoV) encodes proteins required for RNA transcription and genome replication as large polyproteins that are proteolytically processed by virus-encoded proteinases to produce mature replicase proteins. In this report …
186	A familial cluster of pneumonia associated with the 2019 novel coronavirus indicating person-to-person transmission: a study of a family cluster	https://www.sciencedirect.com/science/article/pii/S0140673620301549	Background An ongoing outbreak of pneumonia associated with a novel coronavirus was reported in Wuhan city, Hubei province, China. Affected patients were geographically linked with a local wet market as a potential source. No data on person-to-person or nosocomial …
187	The papain-like protease of severe acute respiratory syndrome coronavirus has deubiquitinating activity	https://jvi.asm.org/content/79/24/15189.short	Replication of the genomic RNA of severe acute respiratory syndrome coronavirus (SARS-CoV) is mediated by replicase polyproteins that are processed by two viral proteases, papain-like protease (PLpro) and 3C-like protease (3CLpro). Previously, we showed that …
188	[HTML][HTML] Stability and inactivation of SARS coronavirus	https://link.springer.com/article/10.1007/s00430-004-0219-0	Abstract The SARS-coronavirus (SARS-CoV) is a newly emerged, highly pathogenic agent that caused over 8,000 human infections with nearly 800 deaths between November 2002 and September 2003. While direct person-to-person transmission via respiratory droplets …
189	Coronavirus infection in acute lower respiratory tract disease of infants	https://academic.oup.com/jid/article-abstract/130/5/502/2189345	A serologic surveillance of lower respiratory tract disease in 417 hospitalized children under 18 months of age revealed infection with coronaviruses (strains OC43 and/or 229E) in 34 (8.2%). During the same interval, one of 13 control infants was infected. There were two …
190	Phylogeny of the SARS coronavirus	https://science.sciencemag.org/content/302/5650/1504.2.short	IN THEIR REPORT “GLOBAL TRAJECTORIES OF the long-term decline of coral reef ecosystems”(15 Aug., p. 955), JM Pandolfi et al. advocate a novel interpretation of the timing and causes of the worldwide decline of reef-building corals. Expanding on an earlier paper …
